{"suministros":[{"nombre":"resmas de papel bond","cantidad":18,"codigo":"be1576bb-2f81-48a4-b721-54f9cf42c872","movimientos":[{"tipo":2,"codigo":"26083c7f-eebc-4382-b69e-410cdaaa7b6d","cantidad":4},{"tipo":1,"codigo":"e53fda97-a18e-448d-973d-b6f0c68f7395","cantidad":16},{"tipo":2,"codigo":"01477f77-1fc4-4270-8925-09a1905a39c6","cantidad":4},{"tipo":2,"codigo":"44859e9a-6147-4047-a457-78c6cf10a887","cantidad":9},{"tipo":1,"codigo":"5871115d-43a0-4875-8308-5bfbb8236c4d","cantidad":9}]},{"nombre":"tijeras","cantidad":10,"codigo":"39dda9e0-9776-4797-97c7-74d8a7838937","movimientos":[{"tipo":2,"codigo":"44859e9a-6147-4047-a457-78c6cf10a887","cantidad":8},{"tipo":1,"codigo":"5871115d-43a0-4875-8308-5bfbb8236c4d","cantidad":8}]},{"nombre":"cajas de clips","cantidad":10,"codigo":"dcf499bd-becb-4bc9-9d15-2847f9ab67ae","movimientos":[{"tipo":2,"codigo":"44859e9a-6147-4047-a457-78c6cf10a887","cantidad":4},{"tipo":1,"codigo":"5871115d-43a0-4875-8308-5bfbb8236c4d","cantidad":4}]},{"nombre":"lapices","cantidad":2,"codigo":"5492c24f-fe73-4fde-aabb-25b49ef3b6fe","movimientos":[{"tipo":2,"codigo":"01477f77-1fc4-4270-8925-09a1905a39c6","cantidad":8}]}],"requisiciones":[{"listaSuministros":[{"codigo":"5492c24f-fe73-4fde-aabb-25b49ef3b6fe","cantidad":8},{"codigo":"be1576bb-2f81-48a4-b721-54f9cf42c872","cantidad":4}],"fecha":"2021-07-26T23:53:28.097Z","codigo":"01477f77-1fc4-4270-8925-09a1905a39c6"},{"listaSuministros":[{"codigo":"39dda9e0-9776-4797-97c7-74d8a7838937","cantidad":8},{"codigo":"dcf499bd-becb-4bc9-9d15-2847f9ab67ae","cantidad":4},{"codigo":"be1576bb-2f81-48a4-b721-54f9cf42c872","cantidad":9}],"fecha":"2021-07-27T00:11:41.454Z","codigo":"44859e9a-6147-4047-a457-78c6cf10a887"}],"ordenesdecompra":[{"listaSuministros":[{"codigo":"39dda9e0-9776-4797-97c7-74d8a7838937","cantidad":8},{"codigo":"dcf499bd-becb-4bc9-9d15-2847f9ab67ae","cantidad":4},{"codigo":"be1576bb-2f81-48a4-b721-54f9cf42c872","cantidad":9}],"fecha":"2021-07-27T00:12:19.438Z","codigo":"5871115d-43a0-4875-8308-5bfbb8236c4d"}]}