{
    "version": "0.2.0",
    "configurations": [
        {
            "type": "java",
            "name": "Launch ProjectRun",
            "request": "launch",
            "mainClass": "test.ProjectRun",
            "projectName": "src_b8d48b3d"
        },
        {
            "type": "java",
            "name": "Launch FileSM",
            "request": "launch",
            "mainClass": "test.FileSM",
            "projectName": "src_53520983"
        },
        {
            "type": "java",
            "name": "Launch ProyectRun",
            "request": "launch",
            "vmArgs": "--module-path C:/Users/Nicole/Downloads/javafx-sdk-16/lib --add-modules=javafx.controls,javafx.fxml",
            "mainClass": "test.ProyectRun",
            "projectName": "src_53520983"
        },
        {
            "type": "java",
            "name": "Launch LoadTextFromFile",
            "request": "launch",
            "mainClass": "test.LoadTextFromFile",
            "projectName": "src_b8d48b3d"
        },
        {
            "type": "java",
            "name": "Launch PlainTextToBinary",
            "request": "launch",
            "mainClass": "test.PlainTextToBinary",
            "projectName": "src_b8d48b3d"
        },
        {
            "type": "java",
            "name": "Launch DecodeBinaryTextTest",
            "request": "launch",
            "mainClass": "test.DecodeBinaryTextTest",
            "projectName": "src_b8d48b3d"
        },
        {
            "type": "java",
            "name": "Launch CharacterRepetitionListTest",
            "request": "launch",
            "mainClass": "test.CharacterRepetitionListTest",
            "projectName": "src_b8d48b3d"
        },
        {
            "type": "java",
            "name": "Launch GetBinaryCodeOfTree",
            "request": "launch",
            "mainClass": "test.GetBinaryCodeOfTree",
            "projectName": "src_b8d48b3d"
        },
        {
            "type": "java",
            "name": "Launch ListToEncoding",
            "request": "launch",
            "mainClass": "test.ListToEncoding",
            "projectName": "src_b8d48b3d"
        },
        {
            "type": "java",
            "name": "Launch ListToTree",
            "request": "launch",
            "mainClass": "test.ListToTree",
            "projectName": "src_b8d48b3d"
        },
        {
            "type": "java",
            "name": "Launch FileSM",
            "request": "launch",
            "mainClass": "test.FileSM",
            "projectName": "src_b8d48b3d"
        },
        {
            "type": "java",
            "name": "Launch Main",
            "request": "launch",
            "mainClass": "test.Main",
            "projectName": "src_b8d48b3d"
        },
        {
            "type": "java",
            "name": "Launch ProyectRun",
            "request": "launch",
            "vmArgs": "--module-path  /Users/Diego/Downloads/javafx-sdk-16/lib --add-modules=javafx.controls,javafx.fxml",
            "mainClass": "test.ProyectRun",
            "projectName": "src_b8d48b3d"
        },
        {
            "type": "java",
            "name": "Launch Current File",
            "request": "launch",
            "mainClass": "${file}"
        }
    ]
}