<?xml version="1.0" encoding="UTF-8"?>
<project-private xmlns="http://www.netbeans.org/ns/project-private/1">
    <open-files xmlns="http://www.netbeans.org/ns/projectui-open-files/2">
        <group>
            <file>file:/C:/Users/DELL%20USER/Desktop/NeatBeans/GabrielG_C03657_Examen2/src/model/lista/ListaSimple.java</file>
            <file>file:/C:/Users/DELL%20USER/Desktop/NeatBeans/GabrielG_C03657_Examen2/src/view/AreaLibroView.java</file>
            <file>file:/C:/Users/DELL%20USER/Desktop/NeatBeans/GabrielG_C03657_Examen2/src/model/arbol/ArbolBinario.java</file>
        </group>
    </open-files>
</project-private>
