<?xml version="1.0" encoding="utf-8"?>
<selector xmlns:android="http://schemas.android.com/apk/res/android">
    <item android:state_checked="true">
        <shape android:shape="rectangle">
            <solid android:color="#fff"></solid>
            <size android:width="50dp"
                android:height="40dp"></size>
            <corners android:radius="40dp"></corners>
            <stroke android:width="2dp" android:color="@color/colorOn"></stroke>
        </shape>
    </item>
    <item android:state_checked="false">
        <shape android:shape="rectangle">
            <solid android:color="#fff"></solid>
            <size android:width="50dp"
                android:height="40dp"></size>
            <corners android:radius="40dp"></corners>
            <stroke android:width="2dp" android:color="@color/gray"></stroke>
        </shape>
    </item>
</selector>